actual,predicted
36.99436738375741,23.75632964020673
1861.627876562529,1400.3576660151018
2522.9153575330106,1673.2682687421348
10.455496848369776,-16.81880362364465
2.474230901808396,-9.856182479703131
148.89516301438016,139.449081972871
290.48964958739765,685.746375968728
186.0118468128609,250.15370290103024
2.6629072931626245,75.02504647185306
1923.4005497437784,2355.905853873157
257.562689170527,302.17007866659026
2091.7654427467887,2040.3522056498941
1148.6648004539038,940.9337007295161
108.9018843220852,129.14269541070254
84.30827323665204,10.784305334602356
311.5081987613256,469.39890170331057
247.58632271709516,297.439997805447
7592.623711993054,5871.4150633467725
642.9575996589148,818.8135536934813
96.81653326623852,108.01850363362438
828.7575290482448,759.2798187729092
15.965902896491984,13.620208261988443
98.18524480516729,43.78757155463535
342.8968333359899,229.81587238931166
133.31320873791273,149.44900636523255
564.4511283627675,3041.463231720557
355.06975801149264,525.0246798079744
62.60831130324673,61.643843929652796
108.5201693203782,92.52206118486743
93.16325133627268,82.80786603470445
267.93858544184525,279.8752809094387
1037.0348639280282,1001.1667645028812
17.03475003206216,33.59047926186884
122.96385740435966,318.92491407787287
10287.393132420637,7261.475507830033
177.10022544890936,148.94080692730319
1801.9446074678276,1394.3218617225202
186.1250966326799,307.26629763030815
76.96215101339035,110.29436624248095
8294.136871274106,9529.185883571654
378.30173610918735,169.5373163873973
29.112110920160223,43.69771469416012
5396.008784119834,3177.3690133747277
492.5905615346229,1071.78501008734
4147.3020432521525,4155.666745617008
170.29919981817042,146.88182529845363
1.8706083289603908,-21.77815712264807
3998.369804962325,2728.568374540317
1850.2027482810267,2048.916811219148
814.332743110461,586.8281299989683
29.81476608591331,38.368327554314284
499.1571980298831,836.9041981004834
1452.5463470195534,2398.3693018625218
1250.9084438185157,2542.2290733914574
3999.993170540991,2000.2978908195219
39.63112493758776,102.08072589208868
348.99031975168657,401.2934427435594
2282.8639021118865,2297.5182732788294
20.015007965371225,14.248657312503017
458.54194055986727,406.399327136034
754.0596526420904,1155.1125304073078
86.91065498898702,139.02578250507278
833.2118437137646,526.8600760015645
431.742528761794,525.2430379056426
1437.953415735179,2036.1980544670278
127.98686099730897,155.93844847472565
214.52444294201936,211.99040551297318
802.2986753646217,682.0760159687262
128.87255534578446,189.4977794543107
73.95278265798723,117.62047938512325
14.159125073733202,57.865858537384256
3.089116886808877,-8.279672800933831
11866.090464780247,8022.76350661747
222.45876834941737,226.87683420750096
2977.9358724867875,3546.538565132439
838.4224216801765,971.833300296472
155.51862053842967,133.32591855503384
2671.3356552057653,2458.097528841157
46.95687710523384,169.45748944691385
220.96861728989128,155.15262758379038
1745.0506261426644,1230.945671159342
1153.9144030104271,2342.2070775142415
471.4453707536314,482.2079878124118
310.924337997484,380.8522700773615
313.68638994996064,357.6384079243125
65.2776201572658,117.47182410509298
343.942717708636,280.56094539289813
17.424846130901958,9.307227729828579
6490.110261933852,4923.503915650716
2667.153983656183,2431.5899859271663
1386.2211205312403,1881.5464924686316
383.3738665626298,564.3259728054585
2665.60726812374,9918.590441259123
115.6195479497148,161.69467835530568
191.00881083453427,262.4438592249298
97.9478039857022,114.01555840515145
279.78644484964013,327.34122956116397
908.4448020959854,925.548564417996
170.32002788986134,231.52974477542813
6.479251112218414,-3.877576125164864
682.0451540148333,386.06846967966754
347.0292003820051,600.278062389306
7.633965519009132,-35.657898899387234
215.11078354642888,299.7402991230909
5.744446237282478,-59.13179953014534
235.29943171911893,388.9988490342953
230.973525984903,278.26199776303196
123.1586945788073,152.87365736291258
14.89160087281416,40.81707987848639
13.089592379133004,122.5923815141434
127.60127342178096,155.93332670878925
467.23724142705686,589.4293660642217
261.68599571063635,377.03920245221406
1332.7501641310248,765.2530934360703
574.7003520606291,576.364087090597
580.9008035715905,481.59365842278606
43.58866106247683,71.07686986196246
316.51842848621584,216.08869099656263
150.67247972057166,126.78994384533775
1.7292000709363575,-50.72768756341373
216.57195396053365,282.40463612877113
36.53679242789104,43.371439416073926
570.3948856034334,686.5467081948754
1178.5939234340767,847.8659810412616
3.954798547202659,-1.4510005164405029
22.163552592620608,9.90724231727813
3855.5447428573752,3252.893347619801
96.29330751549809,133.41963739395774
860.5656699452579,440.43878674807513
876.7187173323217,1035.688444500287
662.5932242911526,467.92467630863285
27.25726528815808,31.198133816889968
469.862963425809,384.6116445514825
19.49675755567836,8.571600788701812
53.39618183799882,101.2717046069988
3.754985497657119,-57.01344497821989
354.36725729899086,233.81376439726486
4283.799420840603,4603.601066596713
457.79721568267775,379.1953792938764
160.30233974389412,157.46416602253078
1261.8405617122437,1617.1284972792714
351.9589688819605,841.4678021076107
4.710422188894807,1.4487194620549564
86.65688856751811,-7.282096178039787
3977.3399564816,4413.186841603911
292.0414715937696,314.25695281346833
823.0576453069953,883.1818859084864
420.2649460434385,325.27425237084094
3373.394858797093,4167.3119754192085
132.28882686245692,214.1404182318619
188.98880291595185,215.73145371298537
1269.6275602231856,1349.20306976625
526.9455356318406,575.3463980932219
6.895078805802294,-33.42278762790077
541.0621793101393,854.610444359142
907.6154483680792,1088.4829002057243
1428.7658748945018,1625.2454692393194
3.713834299111757,-74.37339922318316
1100.4140789536982,1240.9265810019133
62.192929997697775,70.34759741415556
98.25985063230524,93.06156859184657
709.8096365678214,938.4000764077546
493.3551444273224,434.72104581637655
184.9416967836993,200.86835774430315
16.30058072610964,120.69575242743491
7.360023184445541,-35.684760161209475
33.84337987673575,71.38176821159458
7.0101597525822665,21.52737670328854
45.39037766591928,76.94874121848038
744.5171282589944,942.7518941014941
977.8204271763764,933.9029347836894
688.3578221020745,847.4588916989298
8.435850573358605,22.39973949544762
7.10236668574852,14.276231231583653
124.26635599570254,146.614445667076
177.92904809984336,328.2540514138146
971.9032091578202,2267.33565597331
623.9306627146423,600.9493660954498
564.001725007413,571.4130323696662
532.5818366896845,504.5631277743779
16.442442188473688,-11.106067673938513
406.8494597816128,625.6856055678572
40.61838533771755,53.65364552345743
648.0963246000956,773.8625823276341
34.522775235171935,22.275657982059275
197.79929269311128,229.79174600085685
129.31532702546124,70.4349961899902
228.83139805465515,276.7864800955509
56.4786330508241,212.6096356353094
32.36342103185054,-21.538379175705412
927.1326916689136,912.2323470482181
1178.601695405397,969.3257562645288
725.7704831430792,923.2795045943919
556.6853337726519,490.4646483007246
343.8514993665735,379.69868742087624
69.55776230703981,176.88354015874796
112.28961907810664,183.6914777001973
2.2145621509419278,-28.187326008625327
12.495470136344151,15.591201892800237
1027.840904626879,1056.353822835323
9375.37959055653,7237.892788770054
58.844830270722696,217.5146085931694
140.65928190398205,175.99119722950218
111.40608675016313,140.95666788595182
8.406444236276512,-17.77293106618128
454.4232627358684,667.2033443254071
15.751211167818049,10.423371950834111
17.079190411324134,19.52534706697918
40.828253970116194,40.679439207322865
589.3257483517399,353.6563192764163
982.3404891055518,838.4525331830849
214.00751300735016,206.03695508497253
21.42785040846937,-14.331226338729085
189.4493866541164,160.84700877062218
688.7462140917256,353.93131018110535
134.50972665949178,190.33877270839133
22.92790312978808,-0.24757613501614312
35.49053112424992,29.10533133716859
128.55553185243102,120.80625584743457
44.353336532135664,52.9915894166097
2719.4230033969266,3096.394610841705
15.87407993307046,18.441222512064062
417.6003321836717,468.69618674499765
300.84487128981056,463.33286845206015
672.6740992395189,433.4475160609387
351.87848682092874,312.205928834768
1917.0677456468584,1511.2564405930627
2630.431280870293,2443.9585380829285
307.31086081113483,869.5972159073764
612.8398318596608,811.3268225786173
522.3014180886122,544.3965015899227
278.3995190961961,313.46456256164134
552.6924945842733,615.7685454181417
25.20303192429334,62.83295945134179
819.2631162439291,1285.6793027670408
27.8161871618557,-27.5364830799084
204.01774408770515,338.7058276935372
97.94217811828536,118.06054031526104
21.148604109011675,18.4515188656006
15.693576638932685,16.36382838577203
12.663481940489527,6.366880876695784
3.4477438613671,-29.830013234335123
513.8523610414611,775.9277389384924
3.518922056017156,-34.07148786415511
37.14086438786224,-106.8693329396445
384.39538259903287,419.49287313705565
5975.852882550185,3940.47205494119
728.5034061770997,604.9128747610938
31.20009103412747,43.36135152026693
276.87222143602105,248.62584249717082
1330.8286034458245,748.8881025728874
514.2770047602871,922.0357436321721
793.3966893535849,1083.117191133003
122.38345166706632,76.7012796476994
3735.444202639878,4120.303768003371
825.954313231049,1042.7024882677038
234.5572730289173,341.45690161347517
4302.523734484476,3065.98414069008
60.555405668591455,149.62983320173674
381.4201666374846,6096.345048181934
414.4084111513361,596.69175413379
239.59345021442545,208.7963721688105
69.3550643365933,76.349551272511
51.97167206465442,36.24264673192834
2020.6717653325995,1408.9125088239707
4127.895635468865,8170.495038757636
563.4483090800841,432.3131953594139
2410.7303192987274,2325.5842226912246
12905.466980983656,9371.79684889737
500.2798701188535,419.47712043147646
12.98582436975556,-71.18682491171764
244.26910288555464,295.85112981139116
45.57522545296464,53.99407320569986
69.42712230758164,147.72123781562252
2314.9468323582514,2902.978019414495
9.265705182121671,34.74558818763764
906.0519693799238,1685.3935781779921
4.930872566130616,20.068548461962276
27.13963038584588,15.976272175266665
17.37806072653754,8.435774575945645
49.49970519881873,37.57025479009341
6.083032398906844,-8.611960774840751
3584.182507293413,2676.430339795769
239.2920855020723,221.9061659352257
14.551531365201962,27.30718756041453
168.13081918706095,116.77489091293774
17.614185859104225,18.954002708091235
7.377342475778382,0.26151304595181357
6.758683199864599,-7.687068095570973
243.56493491612792,1655.3818057629267
107.88949271469808,54.84802481300613
95.37712733235746,92.84645286361501
90.77154975685715,196.46727736284305
5559.24838213139,4705.749875422907
31.763974343598463,4.857080361722656
53.51241846613142,1.0010146346581208
47.91311949935428,41.169978244227636
35.6596405582202,102.08787741574783
13.923027772137,10.956914763838155
32.40749354962474,7.111929372589789
590.0006039317667,847.1492737342265
2.8535655996283604,-28.085379844852543
211.86692877516535,383.68387948273636
19.38085332950149,45.200049500175325
132.2786065141224,217.44325974629058
1714.837607392206,2060.325198365896
100.31800884977136,114.37974771280165
25.28617886210573,36.866435159635145
9.129096471742477,47.289357800420476
11.798737636344717,-18.700913250209116
469.193786665244,499.2216236394405
3.085110099470533,-3.1911364787685317
40.338041602816624,79.95084370346846
2008.5217473672308,1595.149875686834
37.73652069194312,86.87238258832579
1016.4320602877,910.3948107295414
72.86781889368812,88.13650921725852
301.7457129361917,391.46172474013235
20.186752487899653,-32.433485906273134
75.4517935353323,100.8162226454922
2.086604027384492,-26.46874689296625
5.9175659706093375,26.046542435588833
3611.74399939236,1922.8875878787069
72.52898334109884,53.89545946653453
204.6275861190953,223.1486890587135
823.5836296722198,817.2772745774628
1081.3884744772397,849.7280466473198
960.7898524938274,1381.9713897250992
73.08582096439939,58.36395280133444
67.94479590838888,67.02948760315408
352.3408130345238,1728.4806346933515
42.66164745045717,15.27817937024045
7.748089404344969,-16.021498465983232
1510.5434116226893,2826.445019161506
669.4807901973626,680.1259903918784
383.7966185323123,307.8780851101414
640.5501870975829,615.1597527427122
99.8973238444108,102.60484948623325
134.79618560672452,182.54286822308856
153.88236569238737,227.87749240877608
2.0555261389583386,10.150824906126989
156.62475607586174,181.93800269108857
195.8223471464232,311.15957346307954
16.241464330810818,37.46380854113512
1008.6878828499532,975.9127420033657
400.289431939505,714.4870031445481
231.1078887580229,441.65414860214884
407.1649300530357,568.543645808179
166.4214040068608,173.89842558121535
429.9463613665917,302.9962204755603
714.5192594916856,639.670297892414
427.8386945247983,469.33303829502586
2574.555384061553,1426.5165646275136
465.4349483163799,484.2974159846066
77.25409096624456,169.0650131899659
12.878720146332752,68.67288743643338
147.4504277377248,245.0518305616999
2630.1045158194943,1976.819853751399
1052.8205527682703,1032.0554826102996
64.82111243452553,107.53171112274208
161.9489550003717,208.86348810627737
16.073007329532093,-21.488434892663278
1705.6764012071376,2220.8141431669146
7.7983946178425585,-5.181632212198105
135.2950515758034,426.21494718966915
378.8527633133561,613.174804068888
332.2930144239069,522.9549099406727
1365.2142862540786,1690.8486728884718
13.713806028864676,57.54417238494233
144.7128642350639,252.90571271078224
106.91605485792245,115.0603016484468
1033.505182285915,1134.0537448407822
1102.390883063557,1887.4154407386895
51.77177458968621,43.10348211418356
93.32627872872618,102.72072379679221
39.078393836547946,294.4832986000559
85.41835131175874,140.41376201752243
431.827595054896,676.8048475491165
292.19277034057035,220.04337978689964
146.4319261086466,314.1130304269609
770.8700145285535,644.7901396368654
71.98005605988928,-41.33695899166976
103.64571937804146,267.18832960463
134.7718714423188,208.41132482357855
5.509869802004056,19.03288667676949
89.83404503599965,83.90021886305053
539.9915649346466,568.3860957668729
50.27326197845301,47.95115948562165
565.0650552593188,503.24160446080435
1718.694697775583,1430.9111721172792
165.2423233094372,11.977986328528335
750.141552203043,816.9832525169467
1460.3859050479136,1790.4813224373256
19.487237811,-1.0059370265752066
377.2162095347665,510.55354650711524
1493.0091993580138,3547.4391449904365
998.9981553134418,926.6610283045088
2435.6586504195398,2135.21681352772
247.6180644796432,236.39854865107355
2851.4505997238493,1895.7054292294722
160.21732467312057,119.08932479336015
3316.5929330952663,2159.3716915708237
125.446916380701,141.34058316191414
36.70356450216015,127.97251935190482
548.8732401659689,806.7617316638645
213.62505763435905,352.7755861090517
10.463394540262271,18.596505974073644
2.7408558652176493,64.78660257092767
1566.5834980712805,2304.635976803324
5.477485762245151,1.7520390393617122
411.2129836128543,411.0396572866675
1385.3065980921108,1192.4553020194985
17.55397762989227,-6.322278400752453
44.14989381877715,56.24196953605845
11.964871073051007,-1.683539066760998
68.44069398424797,85.26112865030791
21.4303142910437,25.69041195632933
334.4080573981658,749.2032698918393
720.2875923937498,815.3510671147486
6289.373287502096,5801.728739850559
3423.2074420860445,2471.9959399763243
2619.0103519604304,3045.6589741119124
260.0615616177976,374.1061613534309
2297.8952063829397,1574.735700964259
75.93721710006145,87.12281961150413
81.62125089822953,186.29154176076068
136.10936644856469,177.65865319377238
369.11031427879743,381.3271303188471
85.44783491195386,103.67860189637516
2354.858413559935,1909.65897166239
248.95697102521376,324.9487350439712
156.82553550726087,223.70686332312692
334.6556595054889,315.89248140989787
1692.102221808646,1157.989077042479
252.12101163753468,412.5691380500231
366.2333551901596,432.7633874207215
54.60206870161899,70.20837492569014
33.351370484191946,39.50758862441904
18.028450246681896,38.57205115671738
106.80812926456169,191.9653629717677
32.365496289037466,22.661042170690873
15.498323530997896,-19.205372546332544
456.9115690734431,179.2661279860137
2661.506425182639,2677.8075243665544
1795.1594296029546,1934.0983946332806
32.50587872393087,91.13710184172307
418.8817258199928,454.91495290458727
15.2654764774917,24.393385877119325
125.7608654976144,395.4922340645329
4087.3974188147135,2477.505301451907
450.3027312072381,522.9577102705282
12.200729470598104,139.03147923999936
1850.145070673483,1035.1239244443757
208.23533113370004,235.75706348662052
37.0004923531614,16.58143468546682
8.970419562049264,-13.196614455052474
10.763691546564583,0.4941792920601532
129.74504488974122,178.23873246271575
3562.567404615257,6989.244743106872
2951.6334123066304,2396.8946651209926
1148.3930371721465,1264.1084093013806
252.8072426495912,555.4017990548392
273.8462937698067,269.86381697119486
415.3227850693869,439.8061805070127
34.90613577212086,63.56754112740591
331.2113159821296,262.0633867891061
41.073003343953225,62.76132963718172
593.4577955379702,586.5212769598746
43.39149140359143,44.573240753888314
121.98850229399687,158.9037167229598
68.59354553103245,46.884268995662836
22.251629506239585,28.870579604045783
67.24833583380459,63.67717240786077
268.5553623135709,304.75726685067013
95.79414336089393,98.02889236866112
162.77752339565296,198.34766487171922
2.072990558001511,23.825280839313724
84.65021796920401,120.33132880658546
41.94759214481673,53.62933904541922
263.937831077029,301.464045747669
8.457625874564467,-18.683333303060554
26.654429266803664,68.50530537887774
1307.9600446372044,1153.9159703242865
1323.3482160273306,1464.8039064973823
30.58093026319237,48.29339972897908
701.7494534882502,541.2711435999203
1065.904155161508,1278.6017348824316
982.693044483065,1120.005769577875
120.60507106400792,144.00641524069462
28.59714172230766,12.753107909811193
97.44712710138984,108.60100277214735
1760.8704251589606,1728.4490528252536
224.45428519045868,296.5658542020211
1635.3290778160213,1894.3473959281014
966.9278723588292,723.8966224663999
1336.7755844468102,1036.8371964880357
12.900100319599668,38.45985284140464
816.5839356320828,1057.821898144367
37.75912383758693,73.49748354657194
293.1607831439463,298.7489331986336
277.1736225515952,330.8861213987475
18.35453802550488,64.1380435918427
6.372009938841491,19.476100918044683
518.6046388657304,559.1717475316019
322.40090363925793,175.31351400206898
174.832371527076,573.8525272045664
91.77865004149749,95.86458297916178
697.9474337661871,351.43178870622813
615.6908423644329,640.1974018788953
255.666849121532,467.30549447501556
4.079153369539124,13.236478445824538
50.60252799146166,133.10014186870416
34.4893534376717,53.20324857467552
7432.08749196501,8572.113105845632
2571.8856705416965,1784.9636896183345
48.64573713477121,36.806905767992724
1448.9513199466462,1195.920301059992
13.586310121916943,-4.114390330454176
93.94060515324634,191.0011741280017
228.66793521819343,146.76797215553256
1224.49284627531,832.2710987949163
35.61485236819578,93.37553391707863
363.5992352823391,348.1336398441
39.488243191616576,-5.05195718478531
217.9421217559784,697.6446943664993
5374.044527531839,4865.698704057407
334.3343877786173,513.0956890668327
17.775859113026087,-2.0722807933718697
13.692606569029632,3.0261314795046292
6.54904626314943,19.527298378130514
2242.1027911623864,2130.616206536223
4614.50798741628,2651.6204827261445
52.3768377760376,97.97973734913022
14.522718512091052,31.404028046472632
2265.5868038146286,3009.482778611661
496.8553498928262,467.7290258433161
920.799343868388,953.6972903152465
2932.772272738448,3531.7104539878874
16.03113132602236,36.284164619929925
105.4752818527127,101.3657395851001
349.3438540664838,440.1499652630571
14.63621313575246,190.18946436166382
40.363058720204506,34.23089859871544
172.4076379013351,167.58962320923465
78.38823441814436,89.98973422425036
2073.5709855631244,982.6132173437784
7.106590078724692,-0.7804645959117829
147.06079962668903,247.78287359394636
95.49896956703093,124.39816439366606
319.2784162385193,466.2619880286857
2350.814967298332,2754.4892130164912
57.808276953021945,138.56598172958599
389.91929187903423,575.2817556916353
1685.9919158306925,1607.164307914461
50.67204860261064,44.07044514905745
66.92629951959783,92.01053000998829
15.58710856804109,-3.360635991521863
953.6833191889742,1263.466964546068
1870.8749712804029,2908.6680290738473
1168.017929743999,1292.3948132256219
8.652547061674818,13.221112818745157
254.0445313702901,292.2695894372048
1197.826864922776,687.1880108655513
81.37599215491478,76.87135192098931
78.9579694485816,17.831157110803886
4.656871522308839,16.830832774818973
31.573026940609772,-55.15208443380443
26.50852861745938,46.50302086005919
311.004693144689,267.7990606762719
4.642186878142715,-18.401801024760587
299.686549706042,373.48856695894307
639.0843283414523,583.3205089054336
3.215241440052974,76.99024477702848
2155.350521617656,1624.9539187199962
63.59220052104503,67.57139734718625
63.84668377302932,-27.622426784288667
5.572295358884689,53.84911868481571
141.86389153216194,133.03893797954305
731.73429507055,1471.243203392298
460.3287214763034,1086.7626663455148
220.8685217150081,354.1963645551463
314.22431054433235,579.7239362995365
529.2420169951477,496.756381357315
15.844994716774517,91.69019528930778
5349.080924455501,5775.283584639742
19.96998371070001,41.467637156459986
3677.4536750220113,4665.989770204749
680.2123137364661,402.54722336775905
975.9459531256808,1074.437287867694
370.0174860686337,659.6710169694954
27.59181276258189,86.82937805507274
4175.457576466177,3012.546994127451
203.8195518433409,164.88494161304527
153.10342361065233,121.174428352593
1.705704414671054,-46.621849419979334
2317.4153569554187,3934.9417498976172
733.6561471155294,1145.6212273831345
1028.9242107345196,945.1398647341655
41.76073121663567,2.123178832301459
366.0997734778039,344.23160477476154
50.535723363202855,12.355101510128208
2474.682832284406,1042.4980693833618
251.65334890280417,506.8085278590989
176.32645246839618,194.34921003992397
14.659097290605075,3.8595360047929477
12.528407838322345,-20.97884896975087
508.2106537367803,613.3362195420154
6.837319688094038,1.6867415982680127
12.095579678897598,-1.144325784339837
549.9840253439123,312.88721795627
975.450860164616,949.6796122646832
119.13734357506046,134.4740246366882
78.53351419966218,21.872318164321594
207.2649388821696,279.58077555875406
21.99335496414757,33.309140572400196
9.550115985468327,-27.662825278443833
306.1477511453883,396.7698596338963
1477.7142861858806,1932.5924262941865
52.76292598745964,113.49192035506425
67.13724110837585,151.15564464143242
65.09178639920707,105.52661963526297
144.1112244077165,148.21628678317677
81.6043997036733,81.67797860558092
12.60720501814025,-26.88310124401167
175.97237383080574,158.8187165981515
8.674249752453226,-14.20515649080493
65.96133824458086,82.03974124842348
529.8342609171931,579.9553278220467
41.61407415285535,56.41317587715229
563.2110686026147,772.2917323243022
2361.366248833315,1044.2785951066703
524.2884556967556,550.8299886340727
38.27419267369024,-0.4185764935475702
28.84304619278552,21.98029595318853
7.594724515016027,76.68089089435792
2880.6912865960267,3648.046379940045
2846.7242941639465,2784.058086006262
179.6084523746135,361.5016036537338
214.68971365567117,250.5171633628285
1906.3836334348543,1961.808277263097
454.1854375354126,532.4319817441329
195.53670254502177,157.08561341594614
5561.20687848508,4573.595727262455
2922.3313191272705,2604.743668035581
285.4130896696926,394.49660908873165
269.30924619562893,444.74179268292573
10.105458509712298,-51.840815605752205
5.421765662435947,24.134983626214794
199.40310404442857,212.07712510291566
8.618264682899586,-63.21152951389625
104.14050859706092,131.75923968092138
260.2038654763902,116.74005030530198
558.7287312292278,579.5834118569285
57.64035697582434,115.85174112553331
744.686360933563,799.7417719552051
307.93490374067875,476.38532272394576
1817.1940811039867,1748.4745464157659
215.2755529909644,421.1287517754196
104.86304850233137,116.43122444484679
3.631730541391226,-16.088579581048215
476.01268870897167,466.0561726334394
627.0852969373105,711.1655792030116
53.64409556898828,90.68512563156358
70.31535604359568,108.367286158657
5.1462687707462536,-25.957150461732617
150.14247463772665,180.3185908593255
24.274863016148636,-8.194774319981565
25.18893852837867,-50.95119417787291
706.349476436922,791.9374209151181
808.8415225530531,753.163043396601
61.95421403518804,42.7487025914633
28.378230043143915,63.786747725678765
13.19295271149918,10.839489334263844
226.95523654514707,462.3346857092626
61.76250953207171,134.1622405608817
46.41992116762373,-15.096547722053996
378.3186905029312,514.7415267067327
98.17294743972025,82.89968381262995
62.11526615156311,36.38758240574975
391.0067515691292,492.69279594107076
320.4065723355389,310.32174429063923
16.20707674569099,21.139300068380965
7.747131389063451,-17.30706509135621
186.1020611715124,239.12279757814358
36.06304454890268,174.44322540628548
727.0647099991695,756.8745226518549
34.118871170189614,29.93148438470536
126.38610322862044,133.62720277940292
3.969236171864049,30.652948711797496
23.32470161618816,45.03395962661731
153.20026218949454,341.10697342942245
246.0010163613416,299.30532221519394
195.20062152529337,305.44354187261195
3.759475951888697,-12.951896262717005
10577.871607510346,7807.701516025308
282.0446398822612,383.2627914952407
929.4210158154136,1272.0857171512116
652.5440059325958,767.5895172888278
18.03990477275936,63.21101310721433
8.760689842115362,-74.76340538382097
8.039980533690512,-18.78120086191107
237.6669210115091,255.26149326675642
8.483736698438609,17.649341631822704
521.4498528829073,705.4662892245801
248.5101592068605,320.190456154201
628.3924984271343,453.407875291497
981.555354657054,1090.2338851975574
1509.4595875707278,709.4394081281831
682.6978492667587,624.7598097103158
313.2443325458028,368.52601182656855
899.6551587834332,3009.6686856167344
805.264895991188,1509.4710527019881
7.1616616066337215,-11.086619319829936
99.62749593334291,161.103123243954
7.498671399676457,26.90443985635741
470.8685362062632,584.206507446531
2438.054108960334,3248.1148801105664
3.7217977276705154,11.800882525263273
6.652758767739528,0.991751316495982
783.3013902849767,946.2374043402576
188.8643157714216,433.9596375682468
220.3547022336033,400.93754988574045
54.07309833978749,145.64522382955656
141.57950562401908,215.16184576643707
1111.4117826752345,1843.4154306545727
173.33359028324475,100.21873307802413
154.768291940489,135.85044248816536
548.232325710284,317.85738962761786
32.01497821819562,23.044543392735367
867.8178428442983,1205.5715244379223
1286.1815666420737,1059.584754010736
1133.3384362297293,1202.0682613508534
3049.056163887757,1915.2638133737726
1091.0272828765983,1475.5756009329627
47.673511658225785,29.15258146154569
50.16304189038807,45.256547277489815
161.78453165697923,330.78656193683855
59.38670875660376,50.947055045801555
1536.0484122188543,976.950684548264
205.5102739023188,197.14647418019106
16.960354840380983,14.30095800665787
506.4592933288652,504.9368392207187
145.7946813103394,195.04371463562777
718.5414884017505,893.4793114763503
112.75549895518212,144.63137943614592
464.0156366339921,1302.3032036175628
366.56577412898497,357.14388322183714
401.7608558142285,557.9866822414571
2540.9785118259683,1696.6961933401788
3.916710888031942,-6.890661089311915
1033.5318682542982,2869.909509741797
81.52284135311484,116.3787016403969
183.95894529989857,414.2265935631712
17.020180252436845,-20.403760609502083
95.79091050047649,159.59390514312963
253.9380454612057,323.71881749157654
16.81236517229961,47.55897887504311
42.80897343478042,94.64893766268874
113.28554449929985,411.8147903259708
927.9106968645472,590.9516294129447
151.79124396382636,94.43312679046718
60.52394228083561,85.58534670461293
15.386839208148356,21.00015675731351
13.879923960878797,-7.582433356624405
356.4519633458443,506.1197264383959
65.75145323010317,204.07469969022347
559.3786086249304,398.4245860099595
50.76544119563225,68.64880465149393
398.07431753812966,471.7749077259004
1144.5868682220262,853.2761761811086
8017.998711784106,3184.094959618538
10.587461184009529,39.75303264273795
6.135295383624514,-47.32988635601392
69.06074768509112,82.74519428795107
422.8152010420748,626.9741586033689
212.51599576334084,362.3190250406802
217.55200922105783,297.21316537780933
197.1290537322081,145.08725193109643
1924.4465982634192,1264.5670528551973
1466.3536167959876,3869.055597798562
52.30817594456519,19.99876379677899
9.444741609608414,26.739261954824137
342.5977645796156,415.7505141525106
580.2208574073397,612.0996802326989
279.17652936126524,460.71307882451396
255.83711379389808,253.6166448328335
5.594949003241444,-231.60384904170556
11.544057260092227,34.343442897576935
6747.736499413733,8318.294280174292
147.96517392602073,348.2824409303189
4.975593343752565,42.832144941406895
498.1247013442856,425.85201847229564
616.0976362690576,1080.4613636139904
2660.0871932113987,5959.261018197489
313.42220101910505,402.50718393347813
216.34849125497536,526.6703040249911
181.10862038777128,127.22655000468274
149.67301316103945,232.10010639201465
2478.7006669460043,2409.744585085867
197.83410901479667,206.8649590950528
2039.376418918828,1388.110780153971
41.15395261746647,54.07809434312245
1847.261297220071,1265.0099223611917
172.43754316993483,211.03036644701328
877.8601939572378,724.0605718047038
218.59084698504728,149.09352161360417
5665.576011873888,4232.219598472698
627.5221456683979,851.5490578128183
152.78866288586354,190.30443049162153
16.61770758813671,58.32050122268997
8.344451771297665,-28.780034855677027
6.074554861528273,-6.150689463412223
8.913409580740211,6.376032849447904
338.29925549319006,424.7626450436978
7.855723167115973,-14.940552533144224
33.32385521976737,158.89491445125353
614.2799291648007,480.984712966044
4825.159632238333,2542.097955857363
117.28980483666572,13.952878197250687
132.18750294562338,192.52021458706173
2779.82221282424,2953.6019217572675
379.3810059763539,525.036182722703
456.50687060075865,506.2922610536594
187.94462283683325,192.93293678643374
764.1820223124511,912.6873320212795
40.50649439492859,141.7237930752121
171.36346545419497,230.30213792558308
6.535651842032802,-17.29861630012084
101.47799839874943,140.04539150103463
7.262855853534776,60.74565005489015
2649.147094902484,2372.0289330150927
190.01475226529436,278.6207615794414
710.3193570993233,674.1637926224843
50.22884617932004,29.853726263321445
1343.2648908324652,739.2450940501051
2866.261145348137,2347.298476430944
499.290459258816,617.3570144375357
11.241837703392472,23.72130330921101
1267.9038727959155,573.8654196915516
6.101803162372293,-17.924888510226644
4928.980169429455,4492.31873843003
75.09250589865151,53.45441352628017
101.74353103758192,64.99365089510442
4.15201386509,-30.46360226471528
1353.114591770194,1894.6621201894604
474.4060578550415,594.3301090994929
6019.808836516814,3407.898229952357
15.574293374675094,-6.357519494485958
2548.2849246769388,1944.3900745638693
39.11038158488743,61.23347997333855
3.696562320695448,57.96029361224423
365.85017242962704,344.7044030006898
606.5474963920736,552.650958806501
403.7934230929024,613.5381241737499
2507.5901277136977,2580.169180665194
13.803241467091414,-2.4516627805934115
200.48183498250495,185.10797551902056
232.83491902574409,349.5859525357476
229.24546277641144,256.13155365626716
145.27360572603726,172.1804306579117
30.4839714243372,77.6303396756709
375.6268551311849,340.9175051419477
104.71383563450308,186.90805282838477
1060.9725506791176,768.7187361617973
183.0135911753748,242.34920092784483
72.04793959967434,98.87167671819839
1079.799703312986,1162.4915753177395
1148.2238711283971,1475.6440210093192
806.8642869460529,1226.2323684432474
70.58812848246164,63.70515747561222
713.8897554576616,993.2094085458048
1708.643452195032,1904.425899795608
28.31115466149261,60.230808318662476
65.7948934815051,77.36864534660326
8.031831346675935,19.389502524090698
3082.1082052156958,1666.189434209163
4.312982045452456,20.55359545255656
223.47983492830232,244.89836257293783
429.5014879137004,679.1377055363121
2938.395261868927,3792.442928861789
674.6868248456391,534.7869390815526
3.542081477358745,-21.81441098141955
50.369910358257975,-245.84152104966688
94.3952993914244,113.1263474150998
678.9548659421399,1149.2474954499203
213.3861498275251,193.57864481369123
29.58300768108344,25.804042927624707
340.4966395311448,398.8589840043033
239.11871109203275,33.978984852885695
167.9609948856122,119.2576569465011
49.30497004844981,41.34987035617911
169.91333207757182,159.18105388795038
62.91912136742621,107.48240409276842
4.5312673822461065,179.62686667833398
61.49472739075461,45.44469746441246
477.42944517638085,442.7475614494173
276.41608036124074,295.774109316634
5.156041326500323,0.602972315410662
832.724438595338,895.4183400653332
64.18198337814273,91.09338689389229
35.395657417857684,43.6086414405549
1959.9622809629884,1170.6695538042536
48.94888424782524,52.88244890806759
15.452093018707393,13.479967358615752
6545.998762925961,3410.1694278649256
106.94435165645082,110.19158212959674
33.97834654318116,293.7619288713961
96.61563951679264,76.37499795389014
3946.158624261685,3708.234557070727
299.03295161033,301.8502097754193
201.79627852511743,330.9598264950583
6.189328895883491,-36.58597817368357
470.6130409254274,502.5964208573927
207.91367005361053,175.58712923121652
3237.9876741600688,3028.4203839022425
539.2929530738052,1021.0338022142068
167.5600213847885,176.1441181687443
3176.038344728156,2052.912818629972
274.4928815170869,222.16769963031498
182.46644206802415,153.89307039698886
24.865568659802623,34.4001657214659
3756.293149722168,2034.3663291875678
397.16150514667606,533.0911786915765
87.85944391891866,68.1939328361091
33.59437524828823,-37.982185967446526
131.3684205965002,554.4016766002876
2.401512763225832,-15.287006137214801
2020.3040206182632,1824.9312844753408
180.9717620806772,150.59114335750274
1559.737189942891,1865.3887012095888
1846.4203935461207,1944.5743086607424
32.57511356461787,-41.822769670803844
288.280752235339,566.6147477502202
185.70485848389387,342.22861290555477
1777.967266395046,2573.8653256428283
201.3819239381096,151.83736238103958
2231.040839108188,1695.3054529945216
145.25418502957825,157.49086502697514
138.58844915708966,206.86499788386016
67.1439753217312,123.89777040215444
871.9545514812344,1082.146409849781
67.73932592380132,140.36712690150898
65.00084942982188,54.311223253618664
69.73729439864856,95.52287502486892
22.564085111442232,131.07033324514086
187.96452041903152,198.5794483955253
1646.722681120053,1905.9129572265158
14.142583773335264,0.8859591028620748
44.40260600170552,24.701243660057916
36.06459606582881,48.29053018998473
455.697940365513,363.97992614466597
299.80570964821766,437.502326071164
10840.19682112645,6399.93951245447
1006.1933968094888,273.9195345010838
1141.142763264226,1266.6236393197264
105.13367998340205,187.83533478126253
158.91840580617185,185.49136702190606
9387.639279802768,8691.403571221643
24.50635364466473,43.676181106012905
82.92911676573044,143.65288254170792
884.8944521169508,1340.0446693471579
11022.190798744768,6662.133224920049
45.13870862593373,53.61457770199169
179.79673732462822,208.51852439442447
2033.0857474649808,1246.1331466255072
372.79032042247246,429.5863946735817
217.3921408738992,377.8903056756402
1483.8117885179192,1256.4319908877862
10.811582852215125,-32.52312246996666
223.76842704646197,174.8787717428145
26.2140356275071,54.8278676273012
634.9426759568205,632.8392847085765
69.89126179868084,82.45194849055225
7413.074984728644,2746.543854379274
73.40936785101464,9.3083816466798
7.19054251935341,-22.653230119387707
72.99782081505822,94.32438974800439
58.85069260956647,77.7228800952739
3.0990826230905912,-61.05086788340675
20.80080519920558,32.702243159571516
231.12766920678865,190.96202905610545
157.58773947608304,107.24702234248616
220.11670431986204,208.6567932911511
478.02650147533024,452.01917733445606
720.5291637764681,413.6455237051373
132.55356037077158,179.9866151907068
14.680045458902727,43.83870176352407
1433.4105251324236,1773.053967704748
2668.7603130979846,4477.037094389792
1247.620043397979,1441.6911790051684
48.74125486573432,64.82861296651596
1.8377469687333643,-24.416499293300255
598.9425790334354,730.1586843661695
7.348941587458179,-11.576566087485807
72.3562281407108,252.65590386269477
73.33214691761995,105.22322412667566
1023.0934900153724,837.7576684494726
64.91031907544071,100.71549314457923
55.03911197877616,60.90218417050735
64.57498178703854,-16.5261655548939
20.026747385714497,-18.91538103589284
339.1111594676059,224.01118546037793
47.699962887685885,69.19750150635446
692.7912566146132,805.6018027340913
13.14749766366679,31.01717687418904
82.4606212718568,77.86084462803117
81.78470704735376,149.621023866197
359.0043312350484,482.80521630766907
900.9575107689644,743.692724850017
4.152999419772857,-14.465999071276473
319.4191419356462,128.85899299135744
95.86017299726916,142.8032777388307
179.68253340117462,143.96328841162514
181.02653252354395,170.28439933075802
187.51180077106716,232.1439970557309
62.67452938618849,53.48472945415189
46.30364731406683,47.45914107624065
76.9085951629558,66.8815624800864
1443.948023096994,1618.2026052935594
23.859870145501414,94.57022553882011
1146.5365392835088,1494.1442201388445
463.8651440819767,469.3126724530627
294.9903763324659,200.18323690109102
12.29006898469879,3.9959487762843873
144.30007934642373,98.45939432147489
607.4332306019393,450.5204508502526
760.134219520672,1647.089381924674
44.52748040969716,26.201697450518676
1446.411790638184,1445.1824884591579
16.78912256416634,-27.782639821830863
2289.004930006723,2119.7279274472116
104.61856175865358,140.7265649205763
279.7667982049488,273.98612481561776
329.12788394201937,510.543458677492
13.126788613014448,-0.5326845250137081
1118.6780033803527,673.5885071857475
912.0090589744548,787.093034581924
264.3108684985068,9.222704547095628
1786.0994276330337,1777.545466597108
946.6903170449413,1803.1498449715111
951.6483131945508,774.7879302181468
147.06011661373125,165.37222111740496
330.8733630459124,359.9029673963207
135.7782104513507,182.10194916452645
54.15431532781148,52.52829215365169
95.36141563156556,215.05925907561752
100.31030013003966,193.54188977100696
32.7231284596344,-200.13258449538785
387.2610813271142,316.35635102657
300.23434051653925,214.59488327396224
32.139575875209204,78.42143547045613
36.92529825385369,74.79290129748684
731.1299495619149,809.4709454561444
49.37836514880944,93.23699874556368
41.79338763060635,41.952685027179655
327.841237328833,369.53001944912796
571.5073047287984,695.4530655575508
267.501151010568,263.3076925628444
206.9738642745677,174.85021117944126
181.257706283115,159.21871359484567
6.0190959502674914,-27.274289036385696
2609.2136076052084,2115.961182708494
847.3238514859075,1027.1795775542078
1837.816857832148,1761.800520716358
256.02966351642675,256.44839876721693
3240.913776158925,2917.797416074791
211.6705696714691,234.35445494860443
53.830197694988975,88.19738234463858
55.16100841230406,124.84185870650042
42.94636636604455,86.07318215025603
672.5039816197512,977.2768102426942
37.41676111524966,49.01164838755699
396.59785586918304,739.2277096391688
5.419143571845368,-22.01298880698386
534.8248728795558,496.90112315602136
94.2330777821705,157.13479664103212
461.1390365075451,1048.0940384689422
645.8161667424077,313.5175682185933
3331.046169492225,2574.0712567487585
882.9546898433304,804.4529095950733
165.51864733423434,-90.87983333453545
7.622354800702441,-15.06795366954062
641.621773740036,751.5794732917753
64.80812483379185,42.887951055341105
143.80021562099864,234.24859745389847
18105.117839427006,9779.52343721928
1300.1085073603138,768.875731862844
314.20649034767297,357.7108879251974
133.6530178994078,34.19585811636464
443.3150239961033,503.02407654265386
179.43531147280942,178.9631490229892
65.98501289921684,101.19472654351468
234.54913896644743,327.92712002707367
158.63189782985808,105.47070622985501
7.435055253451136,16.13319861338997
58.76363289902175,131.71636662503082
3441.1990512370567,1781.2843998457568
1340.903653021644,1963.1794783470505
66.48669791692484,83.1579287890534
31.64234895079961,36.208131187373404
509.3582492694208,549.7338891959091
66.0348600996396,39.92616765456902
15.036641358474991,-13.459476752067571
3982.179191223497,2800.5049760812876
1657.8752441465256,1534.8193929349025
9.122287481573926,-17.39430623393756
766.4304023703877,1035.7410233787923
544.6928061946526,547.8542131992227
417.9063221798205,624.5303854726677
27.446252852415945,46.18254577274367
25.172749424698456,-226.18059453234173
934.3308192881782,1173.3653094105866
25.270774351225263,44.97624547165385
376.45209342445366,370.2728275386792
134.96495438527677,324.1955182201047
140.39231157786966,169.03036409907796
641.246516020157,722.9602004652952
1191.9122974251543,1997.9828454720594
3.130574504978899,44.18607284394571
189.83361634486369,312.8061757250936
1382.4563898066006,1030.8599568735776
1432.6258417546348,601.6355816841893
123.19054619242988,159.7099580600485
21.560766086280356,67.24773848287838
119.07635739369788,4.514738438201432
306.0449678738269,658.5942136563056
10.517623668434943,0.018570076270428726
424.85187931217,447.1609395714438
590.3220810638189,1741.6990819760713
390.0441898540474,406.02472411170953
131.39732102977212,148.74666206266667
544.0081811027896,1314.70329919458
97.8834249191966,116.7678208591218
578.8683315086132,564.230882274634
798.440921643704,562.6870390543417
1.1778930502256453,-35.70718100776775
941.3301981192247,868.1890186417631
840.8259239166866,1173.3820535609411
15.85765533617348,-31.668049198169104
16.617286094715247,-17.112545475837088
789.3920178345982,1277.9836823892183
48.57411755505564,105.94338347129803
281.4736895152836,657.7667658089898
30.416418274188217,41.953123885421135
617.8770413406426,584.7498538755102
71.80914779012318,35.927637384173956
14.6097645143452,-121.07640535473458
1154.5728274398932,1163.7788958126387
20.62126499172424,6.967400987508496
3.7230766607653183,-53.023659098143014
6656.099858499615,5871.392395590993
654.8157591670797,597.424759914049
597.7653634870684,598.5964209971863
517.8612817958453,894.217264053022
21.95655693016064,28.061681557328956
12.103840734641818,0.1300600500523803
544.5849468298077,736.9211050602121
5.776641921214246,-34.367612374441556
134.8986741971672,-11.449501330623212
228.8985659796183,265.4040197532128
768.8686719013134,936.2439873238984
1171.342747471354,980.1194198354182
280.32683276716926,308.3045965177167
496.6836192128951,728.1836220679365
43.31254047497808,76.40857298824466
56.97186929951516,64.91510659850712
2.70027057081783,-39.176013089319945
866.95962424636,684.7177617883079
8.393952789888523,4.480766961946275
23.195404198444464,65.00280661655208
1055.497296491777,2036.3223395414661
687.5240497248233,1119.3026627986146
114.18226395774104,94.52439251770016
71.18568019550177,104.46517048822217
7.965640046811304,53.853582990919975
1976.3164764333023,1527.8084028836995
38.03339481569716,21.44324124072591
2064.929740950739,1453.1507803854404
127.77174332385415,221.62911983719198
496.0602832823401,756.6347912578174
12.364766614524047,22.30171101289107
1735.481604457162,1460.0902062171656
267.49668654696814,262.08328949953403
932.557508984065,832.5722186561559
202.87518299727108,268.5564693044108
1296.7549506314122,1586.25829307635
96.22166188641248,134.8176409868612
562.8687959552414,743.1752761507582
7.852506319193291,-11.479937069687708
6.535836709134807,60.94906103735546
60.096150672016776,100.34216123658385
1016.1085533387346,813.191857599073
14.602448639265829,-6.500210747492232
230.1842315067841,384.9406942355045
438.3829506924749,463.13002001616496
93.65512532318256,176.91923341911226
406.4110422171988,271.699558902037
1150.659325171562,1780.6791277542065
64.31615350823552,123.61464958872574
195.4244817058597,213.89725383600378
2351.6625265921343,1739.6509195028254
395.09661438748566,529.2654632709169
683.6067408492612,669.4063934170642
1252.6074202515138,977.6466910071499
539.8451954825321,596.8537467081956
458.0146611197794,274.2083153807302
383.3469981026087,372.54694787365486
451.0831278092904,575.7332200631588
103.5362363883053,91.78410575979862
116.0871178176038,142.77643377724584
344.6746831365625,345.24006864814334
410.86053222980127,693.8099192468644
169.64090192446835,144.92216216970039
347.30210287062715,259.8920923313837
253.02689694588923,139.1266920969177
2205.5814831489934,1305.8055308189607
178.47362706519706,195.3536884874286
335.6426946780801,304.9842414460335
866.3274426035811,712.3394971496817
3.703609998456765,-40.80482288844576
37.54869393323187,21.645774589646674
125.30747383723065,121.96490301962157
3.1260067490140586,-25.926361490194846
191.28873325517705,163.471485779746
493.54092097251976,707.3788710339235
810.6115985058124,1028.8086929473618
59.3275302556977,93.81544510062633
8.945866290821348,43.31199483040396
185.6727049109145,131.22023782330152
98.12718711516835,-32.05176631933374
337.1607947476492,314.8360425952425
561.2167789348042,638.3498467985144
1760.1752091701612,1594.312595535335
247.9384681155501,182.04410497093397
2527.0231307737167,1545.6887492951025
675.6172887971377,702.2755054255103
133.13897016219934,228.9880923845149
194.3435296141677,207.37679989050397
190.46684147763156,136.13572626025135
104.81312554770176,188.746395932474
3537.6804054312124,4138.035824468828
167.25754827524926,166.3732144140254
755.5390029628609,845.2209897042101
580.5361504358295,416.0137055440507
156.90874334992037,20.564788405267816
8.631887069651528,-30.6048946712163
774.7309361885517,1007.8735599257236
486.9498723487152,385.6013928490692
28.915863257557717,66.06736164351659
55.58402070404394,-23.920817711128304
928.913668228824,878.831285564321
290.2248857308044,527.1151949546079
6.826336186158989,23.20093790985371
25.79391147189545,45.77818370222957
17.051671482650274,195.32062823371268
12.55698389263085,-35.478273147615575
22325.480483834992,21063.780472240855
3101.9712515594083,2883.60641036226
4603.743426163783,3102.572673237774
143.96058991290028,147.56302762831942
5.017728190816946,-54.023533761490455
152.45759514847384,127.36438994185058
81.99503769493461,56.3235784103605
256.9224303285918,249.11852161472956
53.24787741056393,53.06589944207603
387.6284201528807,475.41842359874016
1460.461227022503,809.7968148949723
123.31562237863466,209.37489701246312
74.16686744838701,168.4203006364146
27.430773784295457,43.21538185165659
1337.777307998841,1475.1707812202394
4.492412995696504,-12.57730932702225
16.696819604434264,30.96502587291345
43.32771704922136,14.855363759252194
2899.502143537466,2535.2728437965534
177.9202759194779,146.60374032817697
322.006730455283,599.6403740584466
721.8742914411082,1141.7818311231792
1330.7997055328296,1251.5708006753619
22.3630085664623,40.22052848020151
141.22244033829372,137.0957787940684
21.84160886068909,101.19195981506026
4.467354114217818,-18.217686557359787
153.48681579937366,195.19936490770252
3293.3950188861504,4082.718854745649
406.24921766112016,476.9330908003377
460.6135286342866,528.3243697824663
674.3349404577837,751.5791788368257
221.9735288170688,219.9557260030798
29.07420649723313,24.121099207668696
8.930590714280537,-16.758158341318715
256.7440284072805,228.0171419059802
42.297366148702295,79.53889625858429
194.77847715878764,286.48985114280674
3463.4504177209005,3117.190947925187
277.9471528683763,271.3199863363253
71.90823288170043,103.82593194446837
1088.7396718440525,1002.21233638544
1610.3990498414296,2087.5693603507216
267.6166261965467,407.3555138671949
6832.850510896298,4472.1995431320065
225.7534582716112,323.31269443932695
56.95975091313898,89.36759377470636
901.843608192478,769.2064016651082
809.8023509030427,2082.270408987116
2614.236021188273,3328.5899200698796
20.04226914630368,-5.7280726817121455
477.5881797047954,857.9085415043617
1364.5422358868768,1377.7475217488156
1004.0434778053476,1237.0266225750186
45.02998347063404,86.79823459039154
33.02997868734185,-20.63653612298261
3154.9906242980587,1567.9190724460686
36.46218274891346,49.544803509836534
2300.355698950364,4045.2698364478188
99.53947995615682,121.41394473970566
6.662386665084218,-58.47490612922925
541.6883254897424,641.8396549583658
1532.752325917975,1640.8342263681213
1480.5845314069506,1999.8465041177806
119.7259618387984,108.28655728179177
22.105405904993447,-16.148739373223467
680.182966174496,823.2471041345269
491.61179582198406,865.333879808441
400.0104701472724,376.83325260360476
25.356936272276133,38.50339280283083
778.2909291813697,937.2151951049373
640.1010227450365,762.1409631740615
7.0923762955246605,-7.413268094111827
14.44350851047503,1.987950543256747
229.09991196258432,257.62283041816283
68.78521834610345,133.08910409802607
882.9048335836753,1591.5147511006005
1988.7044165075731,1641.1414766317098
1.2992948677138207,137.28170173379004
642.84411627539,904.8433655891201
441.3878203883247,881.1732779946645
325.7902575268132,577.6365999451931
208.4126862043105,348.9851039566914
14.185677831723895,14.245977771043297
145.74098120242277,182.08445197660484
439.08948133692127,594.1446323290459
43.78003625855536,110.82694404725878
472.79202727663136,611.8487112827476
20.51761596429004,44.00899660008078
37.843256357795184,52.801972401279514
91.0646685020104,116.37180753664441
6.92801011107704,-5.586338273596087
39.81051518691391,3.3963126894287283
684.3197284754115,370.8880165739774
14.692170611881206,7.556669494983524
3584.2199210777303,3282.0625513773794
43.47603993654277,16.696636086880414
2395.018076062148,2276.367163715397
52.31431794751324,96.24526463197049
33.14518493024887,54.946775586513596
1031.1775086643363,718.3248332479916
328.36851626385896,402.41090742011676
95.52792356455986,101.56866972132855
4.807231158749881,27.787487825666524
138.62574144614237,146.65046257562207
354.3680499157519,317.63962870080786
206.69654390256235,-10.849818907992933
13.209507500248469,-25.201508772747232
1842.0452046805065,1667.8434184875496
426.0956799282164,553.8068319512992
68.13241712947445,37.42319652341865
40.596834783070726,-17.36541058008216
681.1633672642187,670.6240341323332
232.1477877461108,348.98779228807354
22.43557517833669,14.878105498291749
608.9781559608078,786.8218951335866
165.87237643872848,275.1300457952169
25.62389417708517,94.09686468465408
11.446384176087983,-16.162745861966435
32.58849112222308,-13.38171648245115
5.133407416336737,-22.36167637483028
2350.8256388209547,2269.7415032861063
88.0062957254806,139.73225900791937
583.7790690458132,413.67733566747467
1022.103497697604,627.380790312228
403.9800476687872,328.92946279071066
148.66501862950318,234.0086345031777
120.25677532949976,97.35007613001947
1318.7443644262453,1502.9180570482079
391.550119925519,339.9867647244479
941.501368946116,823.765182834885
222.5135007001072,258.62107592137215
353.5325261752791,317.31280108234904
9.845155492875524,-42.34428094260532
941.847733677706,1421.999028668591
200.2080263395988,205.64892982276893
56.46008112152537,60.917771793325464
129.83235630352138,266.7068489301939
511.81995816166256,347.5303878574327
3539.58238430652,1718.5450482780718
345.8632916360207,185.2214948909854
321.978934717952,524.5473236206024
4696.827224355796,4278.687711302791
4.407287651527585,14.369958061564054
210.0906960403861,269.71884367339175
40.53229762660955,56.411827010019074
2001.78296653386,1388.3891253923457
675.5440951251765,1359.0809771965687
220.1153143629384,387.99871979023146
268.8456171730897,178.4768866069987
393.3278966383361,157.87390243236754
66.97435157526004,30.40070971118462
3391.5651488979333,1890.4056777129413
3.718225151386102,10.846345534532142
5383.335058429802,3122.1724397866446
9.923832826387123,-5.06387585288592
2416.622008492148,2698.329628050891
8.331102915745412,-8.525799663900735
35.41204414667736,52.81651873190277
20.96994241884979,10.649145919630675
133.01316772073494,157.28127301770067
46.723676754592326,123.66512407453904
137.12476953671202,147.88012464784708
171.37265532300515,300.16082921475726
4299.32059706289,5350.74333112015
70.68655217734576,161.6029749379847
2599.704212060833,3221.488879425807
109.6547514737961,114.33447905474128
643.6982734043896,792.9768689716661
3670.090935579204,2419.4402884405667
60.06366689615038,145.83616846711658
209.18875631694027,227.47270063028893
404.7795426740704,476.91004617496026
527.1872585179559,547.7965283546006
9.95114082784591,24.861082373842034
234.7399068991809,186.97125395501808
544.6697619265553,551.4049727157773
3026.408915420407,1456.0952741781718
1342.3356915226236,837.9369776830075
4753.775037408847,3171.9850308058467
2188.453364050534,1464.6609067618983
55.32921151177927,86.28061159431199
3300.358799195379,2269.0520243941883
58.89733468078912,636.2373421384448
54.69837165008665,302.0232920337008
31.97964989338425,22.566354428188074
10.300009744598588,-1.448101858025918
1683.9007425730686,1089.4244819856995
88.51855623225173,165.6228321332554
9.302384561969394,-31.975535609469333
324.7109821399595,423.291397347724
187.8901961494788,327.0223975671029
310.3672891587673,590.5128801171853
916.9393810083982,1332.2644450250386
20.75755854302868,31.513805373739054
17.5363902871738,65.87808776932931
426.7803287318972,441.6535092952598
18.96212964014301,-10.760321239452733
100.58724276401952,468.7777251685529
70.03668062167817,107.66007215344754
638.8044867178921,1100.5706811466355
174.66270333843684,225.61490310031112
308.7956872199293,343.78543089021724
68.76499397584413,115.67519285228825
840.0827989851011,873.1455974772778
90.21788609046904,124.93620352784049
89.62871832952193,108.84944536632216
322.6724096794891,244.17700296924048
8.226897632638579,64.6666409873712
12.825239197624873,7.263612195649982
9.196520949107407,-2.1510076487397765
303.04355130502057,216.24020111787064
142.554117496625,173.58551266381448
16.091921222742915,33.775191666310526
129.24049973636247,251.18493258365888
116.68593317866632,235.4174486470391
3.796514398730186,-29.232403612343756
255.44162719906743,415.6531377579458
272.5565314768496,272.5550840635582
269.05616285442966,426.2841270038858
18.086088314022252,63.94680829124036
8.79733131163617,-9.682464029491275
569.9771037908466,438.50680489407364
102.67580463130348,165.8731947044601
10.037236005881583,-10.292172038707477
21.331413608688237,30.954460716988628
1016.2025716278946,967.5762472759424
1233.5553353316109,1915.7077581718365
13.999951288438824,5.356879807047688
26.5971278105718,72.38993055101083
193.87973933800137,264.6819082893894
752.3598878591445,540.5228426144987
232.0059094167328,432.8720405244232
65.98089100774101,74.6395443926428
152.7795921538599,139.85225850643786
72.93718647703989,158.89820075703832
454.05443849474966,325.0272845562497
951.6958516938668,710.049723046075
13.987312499562009,10.622458194550779
159.1543092607329,98.3007230436328
17.858387037144283,60.72694548602963
55.89561168183392,28.76296508621181
227.16158929692395,293.82433887942346
5.593555346945093,1.8801274084433606
639.4600961282978,670.4073191651966
28.70930299563502,3.2466906138742937
906.470076174736,1185.5811169339847
46.07020022844967,39.516927148542564
8.62716548102391,-23.463943554626255
262.9419630113719,370.83108844333833
107.9769981269186,202.65870393012213
25.63792011281497,24.392537327443726
322.04222149812585,284.0011028943706
622.8080365782405,1025.7751811819207
2.8117772345967813,-19.661411506235087
42.36207070913248,-42.145585888216125
694.8743565429284,758.9222911311144
286.0745040839296,304.8485063413856
1615.632307736865,1060.5896080502591
1796.2380315974165,1198.9238198666148
57.56084477693734,74.21016943014916
659.3403602898755,484.48904994204725
10.238424662428388,59.492218737641565
837.0753944290764,1022.5294367393002
353.33352670630404,387.31272940585063
281.1062911762684,282.81144977677997
584.95353607251,431.7590503909261
4665.490829321229,3836.420880471626
55.62013048435625,74.38015102506088
7.258315965550577,-6.763733516606971
11.119256335541532,47.334531670854446
798.4327532853067,584.4474341121625
322.57617387659826,246.37515416375496
737.0087101424523,809.5553908942059
26.34780669497714,8.752369971459578
459.7451007178679,545.2044412538052
1296.665809225801,2489.9265183766865
182.78684912672736,451.27300750179296
1043.5889077457332,1353.3130089111805
36.7278820686903,88.27092025043687
4.836578347420357,47.51665878844644
6032.730304858859,6049.480469325943
3.656032371451627,-47.014362262016824
1158.0911470548554,1717.6565121957858
925.34150321957,1325.6834342827622
240.96687533357183,337.5857720429202
2111.9107829855634,2002.6712087343928
97.5254558147814,102.42030558106408
239.291332994602,198.59393950505006
83.01105916348504,161.25433037201867
444.8446928999928,737.5661438939799
12.229711206016662,27.358119820425628
166.48544345814693,547.5182369469512
75.4458732988734,67.58693338182255
187.7052247272282,117.89287292994311
442.8484992961813,413.49713567584394
145.0898253661615,244.59789109323515
233.35753205066231,258.09223237294356
35.432439530263,19.349410891474943
475.4503675616795,910.828257853236
29.123952697745946,45.28101491552029
9.60315736388216,-22.04950671316669
2.271550467447785,-20.50154801611183
13.583725425377557,81.74662224874812
21.935909997800625,128.059993090716
45.43717006891872,52.78938591732948
1020.2029164884927,2452.5902884019056
321.65491334493737,357.42048600918
35.074522880826635,-9.583664889012041
108.53801193785806,158.40292551100518
297.31518303214807,401.9930312818559
10.53868510415606,-20.777392919270532
2871.601517835757,1260.1987529249457
13.650148067680863,-2.811369094114884
3258.335437595597,1378.5837784512219
8.588162071589386,36.142155774371346
512.3685077177316,479.22886545918624
272.7370241271685,188.26502518560278
65.02062142032779,117.68963522122618
624.3212655089358,586.5642561716073
68.96292327887794,29.90827185477908
46.29456887774485,67.01591906222808
395.9905080205559,387.14039173294265
966.7415956526378,1976.180782257361
2438.376539112052,1766.3045149062152
1231.1476931847458,896.1609889476847
371.855667869278,862.5962558586538
713.2806933399472,636.8398197458641
85.18228193432212,116.97179584440948
898.7614364011824,1590.9650931968147
164.0715727293245,110.59909870021193
1530.825015827486,1230.1866102017932
495.5203203479204,1041.5140709765215
305.6079008209408,470.28423305060653
144.25507152163877,112.76236704304657
188.4245915348785,166.93392827960815
116.97189076910234,100.03237569702837
277.4745465351233,370.36989338480726
97.5076571791,146.81906185328236
174.60929066352335,302.3980016478684
8.04191968556115,-126.85697499678852
390.1821245129378,386.5400444275152
47.617848331905954,129.29406290849536
10.135046022457528,37.57310664026787
701.9161390691976,704.9103208080445
348.21839409594986,338.4206930289849
3692.2941003877263,3419.6764396277035
19.52480375146321,-5.9267653544334475
5.141089591856539,-23.891327490205246
535.256717074463,546.7619183195304
252.112772816101,434.2729134669
178.0937028199663,472.6659193195693
274.60365937767875,282.45451564742814
314.94016648567714,273.9576841810939
1916.3593686746424,2070.572933251925
115.81362991057334,105.7098363226268
359.0677559246657,652.8002622465357
101.26215215921091,83.89277447345599
105.44573722363852,115.10965648836178
73.8387476348102,123.1563791951743
1343.5246235251716,1524.2605120364012
326.72063230637497,737.640023658156
283.6080483871386,308.264287843566
139.91136459436632,201.4442089194196
1407.3421150970266,959.9046199463382
208.55486182464543,131.32295666432745
38.436986790695066,30.264831874385504
103.85591730667409,188.68328411978135
1069.7107914814403,825.2609346362937
261.4264690151899,193.25728810475232
131.42045201545088,292.84005814759576
15.675143405194056,-3.4635774589647834
26.521412176645843,-1.850870230653273
138.27900996177294,268.24412829490444
87.73016682376209,150.96322759231234
12.832127222342947,-1.0060754641425398
1833.1061894543143,1212.7742244899011
24.991684673219638,84.43018603559884
407.0598589440203,431.0865343491518
1368.7792542241043,1416.576865752525
27.82383636752808,20.160804758937402
2921.3682187721474,1913.9194846384453
1201.790999960539,725.9946424783697
604.6082372409247,662.9296433769347
195.8461776041136,168.421247691943
4.285471990150908,-27.456544649814223
3208.7016067528707,2881.094431302778
1480.4129240343957,1028.44578194456
8.369074873089048,-9.780413734016339
1250.5235569870288,1104.1290036156945
71.33942822264977,85.80134060631197
6.879007317560592,84.31637178738869
680.3842164808342,521.9646557256892
16.279680604412565,6.29223939277413
757.7803811627014,853.741411267253
31.18078485431131,-16.789887940579767
228.08541882187828,290.5805604415038
34.15826243038475,-7.226825939607408
1252.466143489928,892.1542900131592
118.41459550075628,96.75070340850718
4423.777579900593,2906.880351516625
32.543430943882655,13.806317380549595
16.151497056119947,20.80173759419527
29.051529852688283,51.20028567885517
937.4780400141352,482.11826943690056
225.33730543097644,255.25255638504834
1567.606723132581,1782.345415187707
194.63224327516957,737.1640776931365
1554.9739274883534,1749.7979004858053
5324.879311801408,5950.03000376982
586.8340081838493,563.0571449139435
416.2648635644158,465.0035618136543
3466.2239417837145,3471.540800325603
7.913191256342144,9.246715894872034
591.1852748527742,415.0851351839806
590.5844302369582,720.1339260583956
158.96276518867973,335.0913565707703
573.5372824285099,1039.894589796503
4581.712403239924,3645.3989680532827
1378.8986146338905,1491.603210906863
1894.0431026617716,1355.9673786420205
203.0648895404212,212.54240080357337
2610.284828448988,2416.6975542779855
426.9465615463968,420.30497267975755
189.66585390711003,261.0167365604751
10.910415943040611,20.298778199208964
254.7308598054352,228.1259609651481
441.5857731578475,531.3555552226408
554.7001730673271,426.77900607364467
4.834720266002055,5.514145348340819
18915.365624355367,18501.114712644063
375.2630382399036,285.64601528755463
365.6386795638516,498.742632287901
26.64472162161619,6.448617515403172
112.037700895025,137.04481336269887
1474.779863061539,1211.6290511553254
374.4401278344221,351.1774334339192
275.6563574825085,393.45223452943833
11.116700737424848,-50.021201070546724
8.06768528734981,24.94420011550615
1063.4081301629508,1291.3006779991094
88.37149947420592,118.04141800802847
115.41020560616668,318.26607010166293
65.059442282772,74.0745707315382
930.763733549022,771.7154711326672
242.46235600506017,197.44149454762655
406.8116617260105,573.4344841501719
674.5256109651295,1202.3313994765963
298.1438132408586,337.7437251368072
809.3161393977692,1112.3801694656477
1139.8353231651013,863.361123499709
17.310895885209966,4.497713479693749
337.52379936784223,390.64939129828446
19.346695007079678,51.13440003163024
37.99337240386229,28.143173593426592
100.35841323509156,62.589937204703375
1533.7893032831728,1047.896857679367
129.58031026817017,119.66180284857084
15.648927159679808,-2.587364787251282
880.3398769234738,879.2975636582835
29.538528601138918,-36.48735087397447
205.16213370000227,273.10259627219165
8.355251790433478,-13.23952459288185
213.1638193989789,258.2199984941517
875.2786382558342,2241.1940112237867
30.075221700044303,103.45230652168448
510.111048610101,402.0455984268927
88.70689338087547,121.24469504380596
76.30653115382053,109.64993190750411
459.76870245881065,630.9083667341146
138.35022477202045,139.67958776108244
323.6026074992822,337.52772663386247
1202.1332077905906,1946.517662240998
59.627478613465335,53.28574992267702
775.0879579609389,832.7258199138474
341.3423458690747,175.12955968747727
232.4225274585304,346.2301180203573
1653.2794589596033,1445.5668471016047
15.182289015131667,50.925126477134285
298.95471680942364,286.11159727060283
2965.707130233623,2032.1029768441585
4509.683140242538,3651.97218958886
24.25571217906407,45.081559306623
567.485625279652,739.261347137402
329.2667714490853,585.4700891904
115.78839937289624,85.79119998268408
1815.221505577482,1237.3578961033506
1966.9201484629496,1989.346077034985
575.6172284367324,1209.8215601223399
407.5791022216304,370.67788644783093
146.50233210559855,63.0817223146434
46238.13153045382,16584.396600579574
139.05944609620212,174.2321471343756
33.83815448759358,40.73297050451868
13.044550163752984,25.269485726954706
93.1539522198384,116.09366612064007
749.373179374682,1136.7690503707906
147.53182520413606,227.49712096236678
1455.1317233284835,1358.999895129473
693.4803311198671,495.16864474777276
39.57123632572363,71.25542436769784
1126.7274154461486,1593.5202018480454
1010.5697544298372,3783.9855732706483
20.56362623371458,80.30242624706085
24.653387386668232,40.474691291439804
185.34220517830505,338.0879500776445
3.221602196146577,-38.015544385142064
91.09692054689448,373.9781804086056
634.9731669168403,676.2536644512179
42.08846093450824,37.266548390166236
182.4651340587533,224.0403232776911
606.626655657182,1057.6437837805324
56.16714847125987,104.81717614978255
408.9748425896405,241.38737426937158
642.1782772266671,1144.533539680993
671.8568460444432,866.2766355522754
113.16315729768093,184.26724665490747
75.77645017234485,84.32319872010444
1844.1661308144048,1060.0530171398798
755.2507532076106,999.6395776382557
5214.733116536189,3138.0282596926286
65.01987717390554,120.47997602896731
716.0360251503384,948.6349738034721
249.2936514000252,389.6833304716203
3062.56766050898,1765.0097447806736
979.1158978646988,790.6869613049993
25.576414198121384,40.08769716608641
9.895087511889262,-2.5755050147718164
107.23131071234732,215.75028397401266
743.2079323008726,574.5019068223698
160.88809836878607,149.0410396916566
151.73928706466663,238.42205635805584
195.4347092089749,344.0690844828089
66.02990633685515,168.182470025752
334.1791670984437,398.26114423314897
51.85951078198281,125.25656415085676
154.88163564095908,320.14828903302833
279.4710238321783,336.10838432327097
33.461231811475315,23.243297350744076
129.07078785330677,239.71834750517024
16.470939859535946,19.634786350078038
30.92604881371491,12.692294104896854
641.818866705813,472.7661241065593
3.1655608029225104,3.252208506512232
1486.1242938931216,1147.636255618264
338.5356776771899,404.7077708956513
150.01289963444373,212.97240957417907
284.9380333617252,461.6762065320153
988.8834022062696,839.0092558794585
241.25380863442595,332.6126928041405
511.3393284925913,479.8114751928512
563.2659910744436,951.7693617860448
16.94391672020919,17.181452487343297
66.72812724026677,56.11917756615041
13.87042436552343,26.982826300748158
266.9780554087731,227.33788588822537
31.16721287644425,29.77099218693651
2.089999689360177,-23.412909613068702
1181.0948320995642,1370.7215989026638
932.8996712216662,1797.1197268001265
197.50995732490344,111.23660899327245
19.95560419834407,8.873754858673443
276.99187471811103,240.70192644565643
212.74168114080024,383.08473409307675
6.109182257363779,13.266863624550375
757.5898672197508,675.7545923370664
100.57472033561046,131.4403808222194
183.61574801753588,201.23146555945186
3.0356931886820964,-49.01790295019611
1185.189694092629,1684.003238587848
160.18979641259324,230.4511473054097
178.83772281025605,228.83290897841405
13.890607192577896,7.927634423109765
2035.6821067922276,2233.8759297400907
780.2468430411404,924.9741105035828
1529.8622822928908,1994.7861248737668
85.31338006155138,79.94552854195963
19.455365743645903,9.798008731218674
170.6458592932977,36.720255261503695
3.2680441558202906,-42.035881273241
1535.6780368334707,1058.1253382555706
529.4936438288329,680.6699532312388
719.3532819651087,926.906056253773
3.4737379886566506,-16.19788970840918
193.2394928588956,263.50059104578213
88.16130167893664,220.49528708429068
221.31278717317556,615.5378001070295
15.558585930926697,-5.12630458838651
4870.716593381984,6202.1119862519645
274.6165772031459,435.4512773141043
867.3520654722112,944.7720330025584
5.6701799087788265,-23.32776762407889
1622.4277490255108,3373.9382804862034
2219.7207298982,2797.117791699215
13.919321861044502,-22.908897961839997
47.88033549349382,83.3611563550643
33.96505776073421,82.87014894184944
213.8792948978169,805.6002989053882
611.1030940508076,776.9381918486616
20.67025978995627,52.90054387256388
1240.1924994936348,1173.4606209640854
170.7741920703075,286.5510969307824
482.1916319451537,973.9027144111063
94.46615125312404,238.83929631380465
1667.9680048323391,1375.218162896281
495.969321966149,1146.1429535653303
28.157501743901275,43.68494576786614
85.0617676276057,100.789692170473
5.796043132511754,54.25439445587485
220.71432066513864,772.4225323080585
186.4824502707334,232.89786640667404
1227.9637449826105,1556.0362898319825
582.1666945861471,653.0707696183019
116.95768214327866,268.7863446851098
8082.579773639254,5088.8783406226885
1073.4434683926838,849.5101219333183
164.78991561839644,358.792810608851
40.99888479101944,9.811439643185702
133.63717430808305,147.85536178844492
697.4506146196418,578.1950711033054
714.3709782944463,389.03472238035783
41.12157260624279,8.01376078206468
2518.0594992029787,1832.6988572828889
48.08721286495592,152.1410907162923
110.49242316628457,204.82881393998073
676.8444463337909,746.8453158580384
3423.602689711581,4237.40898319487
702.1847830914793,344.95997843224654
1276.3200145773876,1815.441191132393
307.89241827860127,322.7359629570788
929.1629435317606,660.094104823173
737.4807863392853,586.9072350063824
131.26453231987645,112.69383503869213
219.6379319727606,329.83451901083754
557.625791936229,371.70110492077833
137.20262186628648,171.17926902316378
230.59074910705917,260.877337850424
1247.525675637449,996.4039625273881
10.894207530140584,-7.140681037053516
161.00051895368773,251.2190856878114
1083.9765272303723,885.3259549458586
1903.664651313875,1875.3136541217825
8.430233448559415,14.277496295363225
6.3650402655056935,-18.993480341988715
40.21060098394935,10.360553276621395
72.56721948907901,210.5645614665117
373.3841113145453,575.1470662378646
154.0458310125661,200.81673969467212
362.2637785899833,436.18108141596935
3626.680178034115,2947.15511003949
3392.042814538273,2696.1898737164106
1857.049089284157,2475.4774417726135
183.1471190682277,276.30696823394237
363.76216374404027,318.52107915072236
3200.9161776933347,4097.9114417225455
443.6430793511436,577.0307684444214
799.0958482984229,708.7187298521909
10.755606117429144,49.91949187021774
345.44841720032986,440.78306182476774
376.5783195856909,1641.8996889073687
40.0889805165447,71.6604216985986
990.38025913526,924.6601643336554
5.609743211155081,18.186707500797745
35.03151921660164,17.948214130960032
295.0880583593691,-63.33899718883896
28.822921883183668,31.174290570760103
13.49075195762501,20.785711290670708
24.648285125720808,5.397543358138297
81.17791244337727,57.76275946086762
8.196190770642922,-6.366436153282407
937.9087039148642,851.2153624614715
68.42959855018239,18.69082769155447
27.0661660360303,14.222290098411168
817.9677942199336,1073.8661489029441
6.730786497962734,14.24273348426408
13.71947543011089,23.247612935260584
75.8370310279439,-46.291206086573794
64.6480133905404,44.07138581257512
55.57900981280046,26.462018355173125
1352.4706747150772,933.5653819288316
497.5013377770607,522.1668703501807
85.72549788526655,189.69081727670854
405.4034514560086,707.831124303583
672.6125734377263,470.49094895963077
871.893656303122,639.1233378790226
1978.881043267056,3798.9214985696476
767.5720664162977,562.2258073976182
1164.3053381943444,842.274757987847
70.96779753817214,71.11466254428427
41.6530857973272,42.961709902168224
340.7562489559667,586.7435347222507
530.0067145365585,355.3532162354162
1348.69224147898,1137.1271387340457
447.568489421424,554.6879726538951
464.5688767729612,309.8703652026116
1069.3958474918284,578.3873636228858
179.32150515987968,304.7272961463319
126.8768947251995,96.44568479433875
1163.726548191362,1241.56939888767
1082.6741450896748,929.2046555134837
13.338878346374091,22.155790072060604
313.01024235743523,173.79731500844272
295.50058438498274,154.83764404806982
3709.841549402235,2170.194341172807
15.950818968156904,17.51186531000933
465.8954109108301,1766.978742920471
12.221116855134555,-113.03877588611266
270.37563903790533,541.8357711547392
67.76242848512588,66.61537806286081
164.24442901346416,134.54905925389343
163.9996476790541,257.05272377811946
9.923657642623184,59.847026581005096
188.3146316172753,212.48788239990895
1372.2410684292092,1053.6408188537266
16.64765558469005,62.913191790534995
254.56098390133943,148.5720771930278
479.81237389230097,451.7062712083118
324.98584721607193,334.7940977226926
572.8585246332764,570.3998280522896
48.67371405468936,36.05433163021574
16916.08767382754,10574.022693126131
105.57122420965594,155.97078991477537
2.9578150450118,-30.017993378433772
81.96298660220023,138.46731825637983
262.29699110460075,242.61172636265573
78.81445723608293,153.18626434473114
681.5918127205249,781.38555875473
473.9142261483112,483.21280050643094
12.582870181628294,76.74895499126755
382.5723095730005,794.1947376980008
899.24558042321,1223.196116150963
17.450287165792083,24.03867684567636
5.717080014166035,-4.84393352992403
251.53783888104044,277.10845655844895
17.080316563431232,61.44270604609112
73.5701607681424,87.74860189769029
164.56930381756106,301.2846217417768
5.630440761199609,-138.74920666579143
22.69330253826265,-7.802108693859845
44.01794984543495,21.224008401894665
298.0458085504251,721.8331041555682
46.62000022392591,106.15068775990264
8.330366362594189,18.33945120519561
2599.574027130773,2699.539740947101
